GROUP,PACKAGE,CLASS,INSTRUCTION_MISSED,INSTRUCTION_COVERED,BRANCH_MISSED,BRANCH_COVERED,LINE_MISSED,LINE_COVERED,COMPLEXITY_MISSED,COMPLEXITY_COVERED,METHOD_MISSED,METHOD_COVERED
Reimbursement,com.reimbursement.servlet,IndirectServlet,63,0,4,0,14,0,5,0,3,0
Reimbursement,com.reimbursement.servlet,RequestForwarder,35,0,4,0,8,0,5,0,3,0
Reimbursement,com.reimbursement.servlet,DirectServlet,31,0,0,0,13,0,5,0,5,0
Reimbursement,com.reimbursement.servlet,ViewServlet,27,0,0,0,9,0,3,0,3,0
Reimbursement,com.reimbursement.servlet,DataServlet,17,0,0,0,5,0,3,0,3,0
Reimbursement,com.reimbursement.service,UtilityFunctions,64,44,6,2,17,10,8,2,5,1
Reimbursement,com.reimbursement.service,UserService,34,0,2,0,9,0,5,0,4,0
Reimbursement,com.reimbursement.service,ReimbursementService,67,0,0,0,19,0,6,0,6,0
Reimbursement,com.reimbursement.config,RDBConnection,16,21,1,1,4,7,2,1,1,1
Reimbursement,com.reimbursement.repo,UserRoleDao,10,107,0,4,6,27,0,8,0,6
Reimbursement,com.reimbursement.repo,UserDao,23,285,0,6,14,56,0,10,0,7
Reimbursement,com.reimbursement.repo,ReimbursementTypeDao,10,107,0,4,6,27,0,8,0,6
Reimbursement,com.reimbursement.repo,ReimbursementStatusDao,10,107,0,4,6,27,0,8,0,6
Reimbursement,com.reimbursement.repo,ReimbursementDao,28,399,0,10,17,67,0,12,0,7
Reimbursement,com.reimbursement.model,Reimbursement,36,67,0,0,18,24,9,12,9,12
Reimbursement,com.reimbursement.model,User_Role,11,12,0,0,5,5,3,2,3,2
Reimbursement,com.reimbursement.model,Reimbursement_Type,11,12,0,0,5,5,3,2,3,2
Reimbursement,com.reimbursement.model,User,24,49,0,0,12,18,6,9,6,9
Reimbursement,com.reimbursement.model,Reimbursement_Status,11,12,0,0,5,5,3,2,3,2
Reimbursement,com.reimbursement.controller,UserController,56,0,6,0,18,0,6,0,3,0
